번호,서비스 상세 URL,시설명,시군구,강좌명,서비스 표시 요일,서비스 표시 시간,서비스 표시 가격,서비스 표시 대상,회차,원본 줄 번호,시설 홈페이지,시설 전화,원문 확인 결과(요일),원문 확인 결과(시간),원문 확인 결과(가격),원문 확인 결과(대상),일치 여부(O/X/확인불가),불일치 내용,확인일,확인자
1,https://lh-gwan.github.io/playable/#/p/5407,달성국민체육센터(구: 달성군국민체육센터),달성군,수영,월·수·금,17:00~17:50,0원 표기(무료/미기재 불명),초등학생,20261001~20261031,135752,https://yeyak.dssiseol.or.kr,0536594105,,,,,,,,
2,https://lh-gwan.github.io/playable/#/p/6768,부산 올림픽기념국민생활관,해운대구,필라테스 B,화·목,09:00~09:50,0원 표기(무료/미기재 불명),성인,20261001~20261031,180117,https://www.saba.or.kr,0517472002,,,,,,,,
3,https://lh-gwan.github.io/playable/#/p/7411,분당야탑청소년수련관체육관,성남시 분당구,(성인)소도구필라테스(화/목)10시,화·목,10:00,"월 27,000원",성인,20261001~20261031,195723,https://snyouth.or.kr,,,,,,,,,
4,https://lh-gwan.github.io/playable/#/p/10184,영등포제1스포츠센터,영등포구,스피닝19B,화·목,19:00~19:50,0원 표기(무료/미기재 불명),성인남녀,20261001~20261031,292153,https://spc.y-sisul.or.kr,0226703142,,,,,,,,
5,https://lh-gwan.github.io/playable/#/p/10993,올림픽기념국민생활관수영장,종로구,토요 한 종목 집중반-13시(접영)-청소년(2013년생)~성인*할인없음*,토,13:00,"월 110,000원",청소년(2013년생)~성인,20261001~20261031,321700,https://www.ijongno.co.kr,0221481892,,,,,,,,
6,https://lh-gwan.github.io/playable/#/p/11871,장안구민회관,수원시 장안구,수영 중급 L4,월·수·금,10:00~10:50,"월 65,000원",미상,20261001~20261031,361445,https://rsv.suwonudc.co.kr,,,,,,,,,
7,https://lh-gwan.github.io/playable/#/p/7937,서울숲복합문화센터,성동구,저녁수영19B,월·수·금,미상,"월 34,600원","성인,<br>중,고생<br>청소년(13세이상)",20261001~20261031,213285,https://sports.happysd.or.kr,,,,,,,,,
8,https://lh-gwan.github.io/playable/#/p/3549,관악구민종합체육센터,관악구,스쿼시A(18)초급1,월·수·금,미상,"월 67,000원",성인남녀,20261001~20261031,53811,https://booking.gwanakgongdan.or.kr,028751188,,,,,,,,
9,https://lh-gwan.github.io/playable/#/p/11332,은평구민체육센터,은평구,야간수영(화목21시)-3레인(접영이상),화·목,21:00,"월 25,000원",청소년/성인,20261001~20261031,346680,https://www.efmc.or.kr,023516553,,,,,,,,
10,https://lh-gwan.github.io/playable/#/p/3972,광교복합 체육센터,수원시 영통구,저녁C_1반_배영턴/교정,월·수·금,미상,"월 55,000원",성인(청소년),20261001~20261031,66838,https://www.sgsc.co.kr,,,,,,,,,
11,https://lh-gwan.github.io/playable/#/p/4599,근로자종합복지관 수영장,춘천시,아침수영 초급,월·화·수·목,07:00~07:50,0원 표기(무료/미기재 불명),남녀(성인/청소년),20261001~20261031,95381,https://www.cuc.or.kr,0332400617,,,,,,,,
12,https://lh-gwan.github.io/playable/#/p/2792,계남근린공원테니스장,양천구,평일A(월목 배상윤)20:00,월·목,20:00,"월 220,000원",미상,20261001~20261031,28659,https://www.gurosisul.or.kr,028603087,,,,,,,,
13,https://lh-gwan.github.io/playable/#/p/12588,태전국민체육센터-수영장,광주시,06시/B_중급_7개월차(접영팔동작_엄**),화·목,06:00,"월 27,000원",청소년이상,20261001~20261031,395123,https://gjcenter.gjcs.or.kr,,,,,,,,,
14,https://lh-gwan.github.io/playable/#/p/3748,관악구민체육센터골프연습장,관악구,골프레슨16시(월수금),월·수·금,16:00,"월 120,000원",성인남녀,20261001~20261031,61799,https://booking.gwanakgongdan.or.kr,028751188,,,,,,,,
15,https://lh-gwan.github.io/playable/#/p/2126,가좌테니스장,인천광역시,테니스 오전 레슨A(0820),월·화·수·목,미상,"월 180,000원",어린이이상,20261001~20261031,9489,https://www.icsports.or.kr,0324404084,,,,,,,,
16,https://lh-gwan.github.io/playable/#/p/4574,군포시청소년수련관수영장,군포시,월수금11교정상,월·수·금,미상,"월 38,100원",중-고-성인,20261001~20261031,93637,https://www.gpyf.or.kr,0313901400,,,,,,,,
17,https://lh-gwan.github.io/playable/#/p/9098,수원체육문화센타,수원시 영통구,성인D_중급(평영발차기),화·목,15:00~15:50,"월 30,500원",성인/청소년,20261001~20261031,256114,https://swywca.sscc3030.or.kr,,,,,,,,,
18,https://lh-gwan.github.io/playable/#/p/7727,상록수체육관,안산시 상록구,상록건강댄스10시(월수),월·수,10:00,"월 25,000원",성인,20261001~20261031,207074,https://www.ansanuc.net,0314814900,,,,,,,,
19,https://lh-gwan.github.io/playable/#/p/5019,남산타운문화체육센터,중구,기구필라테스 토(E2),토,미상,"월 80,000원",키150이상 누구나,20261001~20261031,120035,https://www.e-junggu.or.kr,0222808488,,,,,,,,
20,https://lh-gwan.github.io/playable/#/p/7095,부산한마음스포츠센터실내골프연습장,해운대구,"골프교실 새벽골프(월,수,금)",월·수·금,06:00~06:50,"월 66,000원",중고생이상,20261001~20261031,188477,https://www.bisco.or.kr,,,,,,,,,
